Address,SendTimeMs,Destination,PayloadSize
*,15000,13,0
*,415000,13,0
*,815000,13,0
*,1215000,13,0
*,1615000,13,0
*,2015000,13,0
*,2415000,13,0
*,2815000,13,0
*,3215000,13,0
*,3615000,13,0
*,4015000,13,0
*,4415000,13,0
*,4815000,13,0
*,5215000,13,0
*,5615000,13,0
*,6015000,13,0
*,6415000,13,0
*,6815000,13,0
*,7215000,13,0
*,7615000,13,0
*,8015000,13,0
*,8415000,13,0
*,8815000,13,0
*,9215000,13,0
*,9615000,13,0
*,10015000,13,0
*,10415000,13,0
*,10815000,13,0
*,11215000,13,0
*,11615000,13,0
*,12015000,13,0
*,12415000,13,0
*,12815000,13,0
*,13215000,13,0
*,13615000,13,0
*,14015000,13,0
*,14415000,13,0
*,14815000,13,0
*,15215000,13,0
*,15615000,13,0
*,16015000,13,0
*,16415000,13,0
*,16815000,13,0
*,17215000,13,0
*,17615000,13,0
*,18015000,13,0
*,18415000,13,0
*,18815000,13,0
*,19215000,13,0
*,19615000,13,0
*,20015000,13,0
*,20415000,13,0
*,20815000,13,0
*,21215000,13,0
*,21615000,13,0
*,22015000,13,0
*,22415000,13,0
*,22815000,13,0
*,23215000,13,0
*,23615000,13,0
*,24015000,13,0
*,24415000,13,0
*,24815000,13,0
*,25215000,13,0
*,25615000,13,0
*,26015000,13,0
*,26415000,13,0
*,26815000,13,0
*,27215000,13,0
*,27615000,13,0
*,28015000,13,0
*,28415000,13,0
*,28815000,13,0
*,29215000,13,0
*,29615000,13,0
*,30015000,13,0
*,30415000,13,0
*,30815000,13,0
*,31215000,13,0
*,31615000,13,0
*,32015000,13,0
*,32415000,13,0
*,32815000,13,0
*,33215000,13,0
*,33615000,13,0
*,34015000,13,0
*,34415000,13,0
*,34815000,13,0
*,35215000,13,0
*,35615000,13,0
*,36015000,13,0
*,36415000,13,0
*,36815000,13,0
*,37215000,13,0
*,37615000,13,0
*,38015000,13,0
*,38415000,13,0
*,38815000,13,0
*,39215000,13,0
*,39615000,13,0
*,40015000,13,0